,Rb,Mn,Fe,Li,Be,Cr,W,Nb,V,Pb,Re,Os,Ir,Pt,Ru,Rh,Y,Sc,Ta,Ti,Mo,Zr,Hf,Co,Ni,In,Tl,Al,Pd,Cu,Cs,Ca,Sr,Ba,Ag,Au,K,Na,Mg,Zn,Bi,Sb,Hg,Cd,B,Ga,Si,Sn,Ge,Te,As,P,Se,S,C,
Rb,#007AFD,#2A66D3,#3561C9,#445ABA,#3A5EC3,#395FC5,#435ABB,#3D5DC1,#3362CB,#3E5CBF,#3D5DC1,#3B5EC2,#3760C6,#3163CD,#385FC5,#3660C7,#3561C9,#3561C9,#385FC5,#385FC5,#3B5EC2,#3660C7,#3660C7,#3561C8,#3262CC,#3063CD,#2F63CE,#3063CE,#3262CC,#2D64D0,#2867D6,#3760C7,#395FC5,#3262CC,#2A66D3,#2C65D1,#3362CB,#2966D4,#415BBC,#4658B7,#6B4793,#764288,#624B9C,#694894,#614C9D,#813C7D,#953369,#9A3064,#A62B59,#A52B5A,#A92955,#AF264F,#AE2751,#B62348,#C01E3F,
Mn,#2A66D3,#007AFD,#2767D6,#385FC5,#2F64CF,#2D65D1,#2D64D0,#2B65D2,#2D65D1,#2D65D0,#2F63CE,#3063CD,#3063CD,#3063CE,#3162CC,#3262CB,#3063CE,#2E64CF,#3163CC,#2F64CF,#2F64CF,#2C65D1,#2E64D0,#2E64CF,#2D64D0,#2D64D0,#3063CD,#3262CB,#3361CA,#3063CD,#2E64CF,#3461C9,#3660C8,#3561C8,#3660C7,#3560C8,#395FC5,#3660C8,#3D5DC1,#4D55B0,#7F3D7F,#873977,#843B7A,#893875,#7D3E81,#A82956,#AF264F,#B82246,#C21D3D,#C81A36,#C81A36,#CD1831,#CE1731,#D3152C,#D0162F,
Fe,#3561C9,#2767D6,#007AFD,#1A6EE3,#1570E8,#196EE4,#1371EA,#0F73EE,#1172EC,#1172EC,#1470E9,#1B6DE3,#1B6DE2,#196EE4,#196EE4,#176FE7,#0E73EF,#0D74F0,#0E73EF,#0D74F0,#0E73EF,#0C74F1,#0D74F0,#1072ED,#1072ED,#1271EB,#1470E9,#1570E9,#1670E7,#1371EA,#1371EA,#1371EA,#1371EA,#1570E8,#1E6CE0,#226ADB,#1F6BDF,#226ADB,#2A66D4,#3D5DC1,#71448D,#7B3F83,#764188,#853B79,#863A78,#A82956,#B1254E,#BD2041,#CB1934,#D5142A,#D3152B,#DA1225,#DD1021,#E40D1B,#EC0913,
Li,#445ABA,#385FC5,#1A6EE3,#007AFD,#1371EA,#1470E9,#1371EA,#0F73EE,#1073ED,#0E73EF,#1073EE,#1670E8,#1670E8,#176FE7,#1272EC,#1073EE,#0B74F2,#0B75F2,#0B75F2,#0B75F2,#0C74F1,#0B75F2,#0B75F2,#0C74F1,#0D74F0,#0F73EE,#1072ED,#1271EB,#1172EC,#1272EB,#1172EC,#0E73EF,#1172EC,#1172EC,#1D6CE0,#2369DA,#226ADC,#1D6CE0,#2568D8,#3063CD,#664998,#71448C,#764288,#794085,#853A79,#A22D5C,#A32C5B,#B2254D,#C01E3E,#CF172F,#CE1831,#D61428,#D81226,#E00F1E,#E80B17,
Be,#3A5EC3,#2F64CF,#1570E8,#1371EA,#007AFD,#1073EE,#0E74F0,#0A75F3,#0B75F2,#0A75F3,#0E73EF,#1470E9,#1570E8,#1670E8,#1271EB,#1172EC,#0B75F2,#0A75F3,#0A75F3,#0976F4,#0976F4,#0876F5,#0976F5,#0C74F1,#0D74F1,#0C74F1,#0F73EE,#1272EB,#1371EB,#1271EB,#1072ED,#0E73EF,#1072ED,#1371EB,#1F6BDF,#226ADB,#1E6BDF,#1F6BDE,#186EE5,#3561C9,#72438B,#7E3E80,#7F3D7F,#853A79,#8A3874,#AD2751,#B1254D,#C01E3F,#CD1831,#DA1224,#DA1225,#E20E1D,#E30D1C,#EA0A15,#EF0810,
Cr,#395FC5,#2D65D1,#196EE4,#1470E9,#1073EE,#007AFD,#0876F5,#0777F6,#0776F6,#0976F4,#0B75F2,#1072ED,#1172EC,#1371EA,#1172EC,#1172EC,#0F73EE,#0D74F0,#0C74F1,#0C74F1,#0A75F3,#0A75F3,#0A75F3,#0C74F1,#0E74F0,#0F73EE,#1371EA,#186FE5,#1570E8,#1570E8,#1570E8,#1670E7,#186EE5,#1A6DE3,#216ADC,#216ADC,#2668D8,#2568D9,#2867D5,#3D5DC1,#73438B,#7E3E80,#8B3773,#92346C,#983166,#BC2042,#BE1F41,#CB1933,#D81327,#E20E1D,#E10E1E,#E80B16,#EA0A15,#F0070F,#F2060D,
W,#435ABB,#2D64D0,#1371EA,#1371EA,#0E74F0,#0876F5,#007AFD,#0179FC,#0677F7,#0478F9,#0577F8,#0A75F3,#0D74F0,#1072ED,#0F73EE,#1072ED,#1072ED,#0D74F0,#0B75F2,#0B75F3,#0677F7,#0876F5,#0976F4,#0A75F3,#0D74F0,#0E73EF,#1371EA,#196EE5,#166FE7,#166FE7,#186FE5,#186FE6,#1B6DE2,#206BDD,#2469D9,#216ADC,#2668D7,#2A66D3,#2A66D4,#445ABA,#784186,#803D7E,#9A3064,#A12D5D,#A22D5D,#CB1934,#CD1832,#DA1225,#E60C19,#EE0811,#EB0913,#F3060C,#F5050A,#F90306,#F80307,
Nb,#3D5DC1,#2B65D2,#0F73EE,#0F73EE,#0A75F3,#0777F6,#0179FC,#007AFD,#0378FA,#0279FB,#0578F8,#0B75F2,#0D74F0,#0E73EF,#0D74F0,#0D74F0,#0A75F3,#0876F5,#0677F7,#0677F7,#0378FA,#0478F9,#0578F8,#0777F6,#0976F5,#0A75F3,#0E73EF,#1271EB,#1172EC,#1072ED,#1172EC,#1072ED,#1471E9,#176FE6,#1E6CE0,#1D6CE0,#216ADC,#2369DA,#2568D8,#3D5DC0,#764288,#803D7E,#8E3670,#973267,#983166,#C11E3D,#C41C3A,#D2152C,#DF0F1F,#E90A16,#E80B17,#EF070F,#F1070E,#F70408,#F90306,
V,#3362CB,#2D65D1,#1172EC,#1073ED,#0B75F2,#0776F6,#0677F7,#0378FA,#007AFD,#0578F8,#0876F5,#0D74F0,#0E73EF,#0E73EF,#0E73EF,#0E74F0,#0976F4,#0776F6,#0777F6,#0777F6,#0577F8,#0578F8,#0577F8,#0777F6,#0876F5,#0B75F2,#0E73EF,#1371EA,#1073ED,#0E73EF,#0D74F0,#0F73EE,#1271EB,#1471E9,#196EE4,#1A6EE3,#1C6DE1,#1C6CE1,#226ADB,#3760C7,#774187,#833B7B,#843B7A,#8C3772,#94336B,#B92145,#BD2042,#CA1934,#D81327,#E10F1E,#E40D1B,#EB0A14,#EA0A15,#F0070E,#F70408,
Pb,#3E5CBF,#2D65D0,#1172EC,#0E73EF,#0A75F3,#0976F4,#0478F9,#0279FB,#0578F8,#007AFD,#0378FA,#0876F5,#0A75F4,#0B75F2,#0976F4,#0876F5,#0777F6,#0677F7,#0478F9,#0478F9,#0279FB,#0379FA,#0379FA,#0478F9,#0677F8,#0876F5,#0B75F2,#0E73EF,#0C74F1,#0D74F1,#0D74F0,#0D74F0,#1072ED,#1371EB,#196EE5,#186EE5,#1F6BDE,#2369DA,#206ADD,#3561C9,#6B4792,#774187,#833B7B,#8B3873,#8A3874,#B4244A,#B4244A,#C41C3B,#D2162D,#DF0F20,#DF0F20,#E80B17,#E80B17,#EF0710,#F2060D,
Re,#3D5DC1,#2F63CE,#1470E9,#1073EE,#0E73EF,#0B75F2,#0577F8,#0578F8,#0876F5,#0378FA,#007AFD,#0279FB,#0379FA,#0578F8,#0378FA,#0478F9,#0A75F3,#0876F5,#0777F6,#0777F6,#0478F9,#0577F8,#0677F7,#0379FA,#0478F9,#0677F7,#0976F4,#0D74F0,#0976F4,#0B75F2,#0E74F0,#0F73EE,#1371EB,#1570E8,#1570E8,#1271EB,#1A6EE3,#216ADD,#2369DB,#3361CA,#5B4EA2,#664998,#823C7C,#883976,#8A3874,#B0264F,#B3244C,#C11D3D,#D0172F,#D91226,#D71328,#E20E1D,#E30D1C,#EB0A14,#EF0810,
Os,#3B5EC2,#3063CD,#1B6DE3,#1670E8,#1470E9,#1072ED,#0A75F3,#0B75F2,#0D74F0,#0876F5,#0279FB,#007AFD,#017AFC,#0478FA,#0279FB,#0478F9,#1073ED,#0E73EF,#0D74F0,#0E73EF,#0A75F3,#0B75F2,#0B75F2,#0677F7,#0777F6,#0976F5,#0B75F2,#1272EB,#0B75F2,#0F73EE,#1271EB,#1670E7,#196EE4,#1C6DE2,#166FE7,#1172ED,#1E6CDF,#2668D7,#2A66D3,#3760C6,#5253AC,#5B4EA2,#843B7A,#893975,#8B3873,#AD2751,#B2254C,#BF1F3F,#CD1832,#D2152D,#D0172F,#DC1123,#DD1022,#E50C1A,#E80B17,
Ir,#3760C6,#3063CD,#1B6DE2,#1670E8,#1570E8,#1172EC,#0D74F0,#0D74F0,#0E73EF,#0A75F4,#0379FA,#017AFC,#007AFD,#0279FC,#0279FB,#0379FA,#0E73EF,#0D74F0,#0D74F0,#0D74F0,#0B75F2,#0B75F2,#0B75F2,#0578F8,#0577F8,#0777F6,#0976F4,#0F73EE,#0876F5,#0C74F2,#0E73EF,#1471EA,#176FE6,#186EE5,#1172EC,#0C74F1,#1C6DE2,#2369DA,#2867D6,#3262CB,#4E55B0,#5850A6,#7A4084,#7F3D7F,#833B7B,#A52B5A,#AA2854,#B82247,#C71B38,#CB1934,#CA1934,#D61328,#D71328,#E00F1F,#E60C19,
Pt,#3163CD,#3063CE,#196EE4,#176FE7,#1670E8,#1371EA,#1072ED,#0E73EF,#0E73EF,#0B75F2,#0578F8,#0478FA,#0279FC,#007AFD,#0478F9,#0378FA,#0C74F1,#0C74F2,#0B75F2,#0C74F1,#0B75F3,#0A75F3,#0A75F3,#0578F8,#0478F9,#0677F7,#0777F6,#0B75F2,#0578F8,#0777F6,#0976F4,#1072ED,#1371EA,#1470E9,#0A75F3,#0677F7,#176FE6,#1D6CE0,#2469D9,#2C65D1,#4D55B1,#5850A6,#6B4793,#744289,#774187,#9B3063,#A32C5B,#B0264E,#C01E3E,#C41C3B,#C61B39,#D2162D,#D1162E,#DB1124,#E40D1A,
Ru,#385FC5,#3162CC,#196EE4,#1272EC,#1271EB,#1172EC,#0F73EE,#0D74F0,#0E73EF,#0976F4,#0378FA,#0279FB,#0279FB,#0478F9,#007AFD,#017AFC,#0A75F3,#0976F4,#0A75F3,#0A75F3,#0976F4,#0976F4,#0876F5,#0378FA,#0478F9,#0677F7,#0677F7,#0B75F2,#0578F8,#0A75F3,#0C74F1,#0E73EF,#1072ED,#1172EC,#1172EC,#1072ED,#196EE5,#206BDD,#2369DA,#2C65D1,#4B56B3,#5651A8,#74428A,#784186,#803D7E,#9D2F62,#A12D5D,#AF264F,#BF1F3F,#C81A36,#C61B39,#D2152C,#D4152B,#DE1021,#E50C1A,
Rh,#3660C7,#3262CB,#176FE7,#1073EE,#1172EC,#1172EC,#1072ED,#0D74F0,#0E74F0,#0876F5,#0478F9,#0478F9,#0379FA,#0378FA,#017AFC,#007AFD,#0677F7,#0677F7,#0777F6,#0777F6,#0777F6,#0777F6,#0677F7,#0279FB,#0279FB,#0478F9,#0478F9,#0777F6,#0279FB,#0677F7,#0876F5,#0976F4,#0B75F2,#0C74F1,#0C74F1,#0D74F0,#1670E8,#1D6CE0,#1F6BDE,#2767D7,#4A57B4,#5651A8,#694895,#6F458F,#794084,#963269,#9A3064,#A92955,#BA2144,#C41C3A,#C31D3C,#CF1730,#D1162E,#DB1123,#E50C1A,
Y,#3561C9,#3063CE,#0E73EF,#0B74F2,#0B75F2,#0F73EE,#1072ED,#0A75F3,#0976F4,#0777F6,#0A75F3,#1073ED,#0E73EF,#0C74F1,#0A75F3,#0677F7,#007AFD,#007AFD,#0279FB,#0179FC,#0478F9,#0279FB,#0179FC,#0379FA,#0379FA,#0577F8,#0577F8,#0677F7,#0478F9,#0478F9,#0478F9,#0279FB,#0379FA,#0378FA,#0E74F0,#1570E9,#1570E8,#186EE5,#1C6DE1,#2668D8,#624B9C,#70448E,#634B9B,#6D4691,#794085,#973267,#9C2F62,#AC2853,#BD2042,#CB1934,#CD1832,#D61429,#D61328,#E00F1E,#ED0912,
Sc,#3561C9,#2E64CF,#0D74F0,#0B75F2,#0A75F3,#0D74F0,#0D74F0,#0876F5,#0776F6,#0677F7,#0876F5,#0E73EF,#0D74F0,#0C74F2,#0976F4,#0677F7,#007AFD,#007AFD,#0279FB,#017AFC,#0378FA,#017AFC,#017AFC,#0379FA,#0279FB,#0578F8,#0577F8,#0677F7,#0578F8,#0578F9,#0478F9,#0379FA,#0478F9,#0578F8,#0E73EF,#1570E9,#1570E8,#186EE5,#1D6CE1,#2867D5,#654A99,#73438B,#684895,#73438B,#7D3E81,#9D2F61,#A22C5C,#B2254D,#C21D3C,#CF172F,#D2162D,#DA1225,#DB1124,#E40D1B,#F0070F,
Ta,#385FC5,#3163CC,#0E73EF,#0B75F2,#0A75F3,#0C74F1,#0B75F2,#0677F7,#0777F6,#0478F9,#0777F6,#0D74F0,#0D74F0,#0B75F2,#0A75F3,#0777F6,#0279FB,#0279FB,#007AFD,#017AFC,#0179FC,#017AFC,#017AFC,#0379FA,#0379FA,#0578F8,#0677F7,#0677F7,#0677F7,#0677F7,#0677F7,#0478F9,#0777F6,#0876F5,#1072ED,#1570E8,#176FE7,#1A6EE4,#196EE4,#2A66D3,#604C9E,#6D4691,#6A4793,#754289,#7C3F82,#9E2E60,#A22C5C,#B2254D,#C21D3C,#D0162E,#D0162E,#DA1225,#DB1123,#E50D1A,#EE0811,
Ti,#385FC5,#2F64CF,#0D74F0,#0B75F2,#0976F4,#0C74F1,#0B75F3,#0677F7,#0777F6,#0478F9,#0777F6,#0E73EF,#0D74F0,#0C74F1,#0A75F3,#0777F6,#0179FC,#017AFC,#017AFC,#007AFD,#0279FB,#017AFC,#007AFD,#0379FA,#0379FA,#0578F8,#0677F7,#0777F6,#0777F6,#0677F7,#0777F6,#0478F9,#0677F7,#0777F6,#1272EB,#176FE6,#196EE4,#1C6DE1,#1D6CE0,#2C65D1,#674997,#74438A,#6E4590,#794085,#833B7B,#A22C5C,#A72A58,#B62348,#C61B38,#D4152B,#D5142A,#DD1021,#DE1020,#E70B18,#F2060D,
Mo,#3B5EC2,#2F64CF,#0E73EF,#0C74F1,#0976F4,#0A75F3,#0677F7,#0378FA,#0577F8,#0279FB,#0478F9,#0A75F3,#0B75F2,#0B75F3,#0976F4,#0777F6,#0478F9,#0378FA,#0179FC,#0279FB,#007AFD,#0179FC,#0179FC,#0379FA,#0478F9,#0578F8,#0776F6,#0976F4,#0876F5,#0976F4,#0975F4,#0876F5,#0B75F2,#0D74F0,#1570E9,#176FE6,#196EE5,#1C6CE1,#1B6DE2,#2E64CF,#644A99,#71448D,#784186,#803D7E,#833B7B,#A92955,#AC2852,#BC2043,#CB1934,#D91226,#D81327,#E10E1E,#E30D1C,#EB0A14,#F1070E,
Zr,#3660C7,#2C65D1,#0C74F1,#0B75F2,#0876F5,#0A75F3,#0876F5,#0478F9,#0578F8,#0379FA,#0577F8,#0B75F2,#0B75F2,#0A75F3,#0976F4,#0777F6,#0279FB,#017AFC,#017AFC,#017AFC,#0179FC,#007AFD,#007AFD,#0279FB,#0379FB,#0478F9,#0677F7,#0876F5,#0777F6,#0777F7,#0777F7,#0677F8,#0876F5,#0976F4,#1172EC,#1570E8,#176FE6,#1A6EE3,#1D6CE0,#2E64D0,#684896,#754289,#73438B,#7E3E80,#833B7B,#A82A57,#AC2852,#BC2043,#CB1933,#D81327,#D91226,#E10E1E,#E20E1D,#EB0A14,#F3060C,
Hf,#3660C7,#2E64D0,#0D74F0,#0B75F2,#0976F5,#0A75F3,#0976F4,#0578F8,#0577F8,#0379FA,#0677F7,#0B75F2,#0B75F2,#0A75F3,#0876F5,#0677F7,#0179FC,#017AFC,#017AFC,#007AFD,#0179FC,#007AFD,#007AFD,#0279FB,#0279FB,#0478F9,#0677F7,#0777F6,#0677F7,#0677F7,#0677F7,#0478F9,#0777F6,#0876F5,#1072ED,#1470E9,#176FE7,#1A6EE3,#1C6DE1,#2B65D2,#644A9A,#71448D,#6F458E,#794085,#823C7C,#A42C5A,#A82956,#B82247,#C81A37,#D5142A,#D5142A,#DE1021,#E00F1F,#E80B16,#F2060D,
Co,#3561C8,#2E64CF,#1072ED,#0C74F1,#0C74F1,#0C74F1,#0A75F3,#0777F6,#0777F6,#0478F9,#0379FA,#0677F7,#0578F8,#0578F8,#0378FA,#0279FB,#0379FA,#0379FA,#0379FA,#0379FA,#0379FA,#0279FB,#0279FB,#007AFD,#007AFD,#0379FA,#0478F9,#0777F6,#0378FA,#0478F9,#0677F7,#0777F7,#0976F4,#0A75F3,#0D74F0,#0F73EF,#1570E8,#1A6EE3,#1E6CDF,#2966D4,#594FA4,#664998,#6F458F,#774187,#7F3D7F,#A12D5E,#A52B59,#B4244A,#C51C3A,#D0172F,#D0172F,#DA1224,#DB1123,#E50D1A,#EE0811,
Ni,#3262CC,#2D64D0,#1072ED,#0D74F0,#0D74F1,#0E74F0,#0D74F0,#0976F5,#0876F5,#0677F8,#0478F9,#0777F6,#0577F8,#0478F9,#0478F9,#0279FB,#0379FA,#0279FB,#0379FA,#0379FA,#0478F9,#0379FB,#0279FB,#007AFD,#007AFD,#0379FA,#0378FA,#0577F8,#0279FB,#0379FA,#0478F9,#0577F8,#0777F6,#0876F5,#0A75F3,#0C74F1,#1371EA,#186FE5,#1C6CE1,#2668D7,#5750A7,#644A9A,#674996,#71448D,#7A4084,#9B3063,#A02D5E,#B0264F,#C11E3E,#CB1934,#CC1833,#D61328,#D71327,#E10E1D,#EC0913,
In,#3063CD,#2D64D0,#1271EB,#0F73EE,#0C74F1,#0F73EE,#0E73EF,#0A75F3,#0B75F2,#0876F5,#0677F7,#0976F5,#0777F6,#0677F7,#0677F7,#0478F9,#0577F8,#0578F8,#0578F8,#0578F8,#0578F8,#0478F9,#0478F9,#0379FA,#0379FA,#007AFD,#017AFC,#0378FA,#0578F8,#0677F7,#0777F6,#0976F4,#0C74F1,#0B75F2,#0E73EF,#0F73EF,#1470E9,#176FE6,#1E6CDF,#3262CC,#5850A6,#644A99,#6E4690,#7B3F83,#794085,#993165,#A62A58,#B4244B,#C41C3A,#CB1934,#CC1832,#D71328,#D71328,#E10F1E,#EC0912,
Tl,#2F63CE,#3063CD,#1470E9,#1072ED,#0F73EE,#1371EA,#1371EA,#0E73EF,#0E73EF,#0B75F2,#0976F4,#0B75F2,#0976F4,#0777F6,#0677F7,#0478F9,#0577F8,#0577F8,#0677F7,#0677F7,#0776F6,#0677F7,#0677F7,#0478F9,#0378FA,#017AFC,#007AFD,#0379FA,#0378FA,#0578F8,#0677F7,#0876F6,#0A75F3,#0976F4,#0B75F2,#0D74F0,#1271EB,#1570E8,#1D6CE0,#2D65D0,#5253AC,#5F4D9F,#634B9B,#70448E,#71448D,#8E3670,#9B3063,#A92955,#BA2144,#C11D3D,#C31D3B,#CE1730,#CE1730,#D91226,#E70B18,
Al,#3063CE,#3262CB,#1570E9,#1271EB,#1272EB,#186FE5,#196EE5,#1271EB,#1371EA,#0E73EF,#0D74F0,#1272EB,#0F73EE,#0B75F2,#0B75F2,#0777F6,#0677F7,#0677F7,#0677F7,#0777F6,#0976F4,#0876F5,#0777F6,#0777F6,#0577F8,#0378FA,#0379FA,#007AFD,#0478F9,#0577F8,#0677F7,#0677F7,#0876F5,#0777F6,#0C74F1,#1072ED,#1271EB,#1670E8,#1C6DE2,#2A66D4,#5054AD,#5E4DA0,#5850A6,#664998,#654A99,#823C7C,#90356E,#9E2E60,#B0264E,#BA2144,#BC2043,#C61B38,#C71B37,#D2152C,#E20E1D,
Pd,#3262CC,#3361CA,#1670E7,#1172EC,#1371EB,#1570E8,#166FE7,#1172EC,#1073ED,#0C74F1,#0976F4,#0B75F2,#0876F5,#0578F8,#0578F8,#0279FB,#0478F9,#0578F8,#0677F7,#0777F6,#0876F5,#0777F6,#0677F7,#0378FA,#0279FB,#0578F8,#0378FA,#0478F9,#007AFD,#0279FB,#0378FA,#0578F8,#0777F6,#0777F6,#0677F7,#0A75F3,#1271EB,#186FE6,#1D6CE1,#216ADD,#4957B4,#5750A7,#5750A7,#614C9D,#6C4692,#883976,#8F366F,#9E2E60,#B0264E,#BA2144,#BC2043,#C71B38,#C81A37,#D4152B,#E20E1D,
Cu,#2D64D0,#3063CD,#1371EA,#1272EB,#1271EB,#1570E8,#166FE7,#1072ED,#0E73EF,#0D74F1,#0B75F2,#0F73EE,#0C74F2,#0777F6,#0A75F3,#0677F7,#0478F9,#0578F9,#0677F7,#0677F7,#0976F4,#0777F7,#0677F7,#0478F9,#0379FA,#0677F7,#0578F8,#0577F8,#0279FB,#007AFD,#0179FC,#0578F8,#0677F7,#0677F7,#0379FA,#0876F5,#1271EB,#1670E7,#1E6CDF,#206ADD,#5651A8,#654A99,#5352AA,#604C9D,#6B4793,#8B3773,#93346C,#A22D5C,#B4244B,#BC2042,#C11D3D,#CB1934,#CA1935,#D61429,#E50C1A,
Cs,#2867D6,#2E64CF,#1371EA,#1172EC,#1072ED,#1570E8,#186FE5,#1172EC,#0D74F0,#0D74F0,#0E74F0,#1271EB,#0E73EF,#0976F4,#0C74F1,#0876F5,#0478F9,#0478F9,#0677F7,#0777F6,#0975F4,#0777F7,#0677F7,#0677F7,#0478F9,#0777F6,#0677F7,#0677F7,#0378FA,#0179FC,#007AFD,#0478F9,#0677F7,#0578F8,#0578F8,#0A75F3,#1072ED,#1271EB,#1B6DE2,#1E6CDF,#5A4FA4,#694895,#5352AB,#5E4DA0,#674997,#8A3874,#91346D,#A02D5E,#B2254C,#BD2042,#C21D3D,#CB1933,#CA1935,#D61429,#E50D1A,
Ca,#3760C7,#3461C9,#1371EA,#0E73EF,#0E73EF,#1670E7,#186FE6,#1072ED,#0F73EE,#0D74F0,#0F73EE,#1670E7,#1471EA,#1072ED,#0E73EF,#0976F4,#0279FB,#0379FA,#0478F9,#0478F9,#0876F5,#0677F8,#0478F9,#0777F7,#0577F8,#0976F4,#0876F6,#0677F7,#0578F8,#0578F8,#0478F9,#007AFD,#0279FB,#0279FB,#0D74F0,#166FE7,#1470E9,#196EE5,#1A6EE3,#1F6BDF,#5B4EA3,#6A4794,#5551A8,#5F4D9F,#70458E,#8A3874,#8E3670,#9E2E60,#B0264F,#C01E3F,#C11D3D,#CA1934,#CC1833,#D71328,#E50C1A,
Sr,#395FC5,#3660C8,#1371EA,#1172EC,#1072ED,#186EE5,#1B6DE2,#1471E9,#1271EB,#1072ED,#1371EB,#196EE4,#176FE6,#1371EA,#1072ED,#0B75F2,#0379FA,#0478F9,#0777F6,#0677F7,#0B75F2,#0876F5,#0777F6,#0976F4,#0777F6,#0C74F1,#0A75F3,#0876F5,#0777F6,#0677F7,#0677F7,#0279FB,#007AFD,#0279FB,#0D74F0,#186EE5,#176FE6,#1B6DE2,#196EE4,#206BDD,#5E4DA0,#6C4691,#5253AC,#5D4EA1,#71448D,#883976,#8B3874,#9B3063,#AD2752,#BD2042,#BF1F3F,#C81B37,#C91A36,#D4152B,#E30D1B,
Ba,#3262CC,#3561C8,#1570E8,#1172EC,#1371EB,#1A6DE3,#206BDD,#176FE6,#1471E9,#1371EB,#1570E8,#1C6DE2,#186EE5,#1470E9,#1172EC,#0C74F1,#0378FA,#0578F8,#0876F5,#0777F6,#0D74F0,#0976F4,#0876F5,#0A75F3,#0876F5,#0B75F2,#0976F4,#0777F6,#0777F6,#0677F7,#0578F8,#0279FB,#0279FB,#007AFD,#0D74F0,#186EE5,#1570E8,#176FE6,#1C6DE1,#206BDD,#5C4EA2,#6C4692,#4D55B0,#5850A5,#684896,#7F3D7F,#863A78,#953369,#A72A57,#B72348,#BA2144,#C31D3C,#C31D3B,#CF1730,#E00F1E,
Ag,#2A66D3,#3660C7,#1E6CE0,#1D6CE0,#1F6BDF,#216ADC,#2469D9,#1E6CE0,#196EE4,#196EE5,#1570E8,#166FE7,#1172EC,#0A75F3,#1172EC,#0C74F1,#0E74F0,#0E73EF,#1072ED,#1272EB,#1570E9,#1172EC,#1072ED,#0D74F0,#0A75F3,#0E73EF,#0B75F2,#0C74F1,#0677F7,#0379FA,#0578F8,#0D74F0,#0D74F0,#0D74F0,#007AFD,#0378FA,#1570E8,#186EE5,#2668D8,#206BDE,#4D55B0,#5C4EA2,#435ABB,#5352AB,#5D4EA1,#7C3F82,#853A79,#93346B,#A52B59,#A92955,#B1254D,#BB2144,#B82246,#C51C3A,#D71328,
Au,#2C65D1,#3560C8,#226ADB,#2369DA,#226ADB,#216ADC,#216ADC,#1D6CE0,#1A6EE3,#186EE5,#1271EB,#1172ED,#0C74F1,#0677F7,#1072ED,#0D74F0,#1570E9,#1570E9,#1570E8,#176FE6,#176FE6,#1570E8,#1470E9,#0F73EF,#0C74F1,#0F73EF,#0D74F0,#1072ED,#0A75F3,#0876F5,#0A75F3,#166FE7,#186EE5,#186EE5,#0378FA,#007AFD,#196EE5,#1E6CDF,#2C65D2,#2966D4,#4B56B3,#5850A6,#5153AC,#614C9D,#614B9C,#863A78,#91356D,#9E2F60,#AE2750,#AD2751,#B52349,#C01E3F,#BC2043,#C81A37,#D61328,
K,#3362CB,#395FC5,#1F6BDF,#226ADC,#1E6BDF,#2668D8,#2668D7,#216ADC,#1C6DE1,#1F6BDE,#1A6EE3,#1E6CDF,#1C6DE2,#176FE6,#196EE5,#1670E8,#1570E8,#1570E8,#176FE7,#196EE4,#196EE5,#176FE6,#176FE7,#1570E8,#1371EA,#1470E9,#1271EB,#1271EB,#1271EB,#1271EB,#1072ED,#1470E9,#176FE6,#1570E8,#1570E8,#196EE5,#007AFD,#0D74F0,#2767D6,#2966D4,#5253AC,#5E4DA0,#5750A6,#5F4C9F,#624B9C,#823C7C,#8E3670,#9A3064,#AA2955,#B2254D,#B1254D,#BB2144,#BE1F41,#C91A36,#D5142A,
Na,#2966D4,#3660C8,#226ADB,#1D6CE0,#1F6BDE,#2568D9,#2A66D3,#2369DA,#1C6CE1,#2369DA,#216ADD,#2668D7,#2369DA,#1D6CE0,#206BDD,#1D6CE0,#186EE5,#186EE5,#1A6EE4,#1C6DE1,#1C6CE1,#1A6EE3,#1A6EE3,#1A6EE3,#186FE5,#176FE6,#1570E8,#1670E8,#186FE6,#1670E7,#1271EB,#196EE5,#1B6DE2,#176FE6,#186EE5,#1E6CDF,#0D74F0,#007AFD,#2867D5,#3163CC,#5D4EA1,#6A4794,#5950A5,#644A9A,#634B9B,#833B7B,#91356D,#9C2F62,#AC2852,#B4244B,#B5244A,#BC2042,#BF1F40,#C91A35,#D51429,
Mg,#415BBC,#3D5DC1,#2A66D4,#2568D8,#186EE5,#2867D5,#2A66D4,#2568D8,#226ADB,#206ADD,#2369DB,#2A66D3,#2867D6,#2469D9,#2369DA,#1F6BDE,#1C6DE1,#1D6CE1,#196EE4,#1D6CE0,#1B6DE2,#1D6CE0,#1C6DE1,#1E6CDF,#1C6CE1,#1E6CDF,#1D6CE0,#1C6DE2,#1D6CE1,#1E6CDF,#1B6DE2,#1A6EE3,#196EE4,#1C6DE1,#2668D8,#2C65D2,#2767D6,#2867D5,#007AFD,#2469D9,#5C4EA1,#694895,#5C4EA2,#5B4EA2,#6B4793,#853A79,#853A79,#94336A,#A32C5C,#B4244B,#B2254C,#BB2144,#BD1F41,#C61B38,#CE1731,
Zn,#4658B7,#4D55B0,#3D5DC1,#3063CD,#3561C9,#3D5DC1,#445ABA,#3D5DC0,#3760C7,#3561C9,#3361CA,#3760C6,#3262CB,#2C65D1,#2C65D1,#2767D7,#2668D8,#2867D5,#2A66D3,#2C65D1,#2E64CF,#2E64D0,#2B65D2,#2966D4,#2668D7,#3262CC,#2D65D0,#2A66D4,#216ADD,#206ADD,#1E6CDF,#1F6BDF,#206BDD,#206BDD,#206BDE,#2966D4,#2966D4,#3163CC,#2469D9,#007AFD,#4857B5,#5651A8,#3A5EC4,#2767D6,#5452AA,#6A4794,#604C9E,#6F458F,#7E3E80,#92346C,#91356D,#993165,#9D2F61,#A82956,#B4244B,
Bi,#6B4793,#7F3D7F,#71448D,#664998,#72438B,#73438B,#784186,#764288,#774187,#6B4792,#5B4EA2,#5253AC,#4E55B0,#4D55B1,#4B56B3,#4A57B4,#624B9C,#654A99,#604C9E,#674997,#644A99,#684896,#644A9A,#594FA4,#5750A7,#5850A6,#5253AC,#5054AD,#4957B4,#5651A8,#5A4FA4,#5B4EA3,#5E4DA0,#5C4EA2,#4D55B0,#4B56B3,#5253AC,#5D4EA1,#5C4EA1,#4857B5,#007AFD,#0279FB,#4559B8,#405BBE,#4C56B2,#405BBD,#4559B9,#4A57B4,#5352AB,#5B4FA3,#4559B9,#5352AA,#644A9A,#6E4690,#72448C,
Sb,#764288,#873977,#7B3F83,#71448C,#7E3E80,#7E3E80,#803D7E,#803D7E,#833B7B,#774187,#664998,#5B4EA2,#5850A6,#5850A6,#5651A8,#5651A8,#70448E,#73438B,#6D4691,#74438A,#71448D,#754289,#71448D,#664998,#644A9A,#644A99,#5F4D9F,#5E4DA0,#5750A7,#654A99,#694895,#6A4794,#6C4691,#6C4692,#5C4EA2,#5850A6,#5E4DA0,#6A4794,#694895,#5651A8,#0279FB,#007AFD,#5153AD,#4A57B4,#5551A9,#4459B9,#4A57B4,#4C56B1,#5352AB,#5850A5,#3F5CBE,#4D55B0,#604C9E,#684896,#694895,
Hg,#624B9C,#843B7A,#764188,#764288,#7F3D7F,#8B3773,#9A3064,#8E3670,#843B7A,#833B7B,#823C7C,#843B7A,#7A4084,#6B4793,#74428A,#694895,#634B9B,#684895,#6A4793,#6E4590,#784186,#73438B,#6F458E,#6F458F,#674996,#6E4690,#634B9B,#5850A6,#5750A7,#5352AA,#5352AB,#5551A8,#5253AC,#4D55B0,#435ABB,#5153AC,#5750A6,#5950A5,#5C4EA2,#3A5EC4,#4559B8,#5153AD,#007AFD,#0E73EF,#2668D7,#1A6EE4,#1E6CDF,#2469D9,#3063CD,#3660C7,#405BBE,#435ABA,#415BBC,#4E55B0,#684896,
Cd,#694894,#893875,#853B79,#794085,#853A79,#92346C,#A12D5D,#973267,#8C3772,#8B3873,#883976,#893975,#7F3D7F,#744289,#784186,#6F458F,#6D4691,#73438B,#754289,#794085,#803D7E,#7E3E80,#794085,#774187,#71448D,#7B3F83,#70448E,#664998,#614C9D,#604C9D,#5E4DA0,#5F4D9F,#5D4EA1,#5850A5,#5352AB,#614C9D,#5F4C9F,#644A9A,#5B4EA2,#2767D6,#405BBE,#4A57B4,#0E73EF,#007AFD,#2867D5,#1D6CE0,#176FE6,#1D6CE0,#2767D6,#3561C9,#385FC6,#3C5DC1,#3D5DC0,#4857B5,#5B4FA3,
B,#614C9D,#7D3E81,#863A78,#853A79,#8A3874,#983166,#A22D5D,#983166,#94336B,#8A3874,#8A3874,#8B3873,#833B7B,#774187,#803D7E,#794084,#794085,#7D3E81,#7C3F82,#833B7B,#833B7B,#833B7B,#823C7C,#7F3D7F,#7A4084,#794085,#71448D,#654A99,#6C4692,#6B4793,#674997,#70458E,#71448D,#684896,#5D4EA1,#614B9C,#624B9C,#634B9B,#6B4793,#5452AA,#4C56B2,#5551A9,#2668D7,#2867D5,#007AFD,#1E6CDF,#2867D6,#2966D4,#3162CC,#3A5EC3,#405CBE,#4559B8,#425BBC,#4C56B2,#5352AB,
Ga,#813C7D,#A82956,#A82956,#A22D5C,#AD2751,#BC2042,#CB1934,#C11E3D,#B92145,#B4244A,#B0264F,#AD2751,#A52B5A,#9B3063,#9D2F62,#963269,#973267,#9D2F61,#9E2E60,#A22C5C,#A92955,#A82A57,#A42C5A,#A12D5E,#9B3063,#993165,#8E3670,#823C7C,#883976,#8B3773,#8A3874,#8A3874,#883976,#7F3D7F,#7C3F82,#863A78,#823C7C,#833B7B,#853A79,#6A4794,#405BBD,#4459B9,#1A6EE4,#1D6CE0,#1E6CDF,#007AFD,#0A75F3,#0876F5,#0D74F0,#1172EC,#1470E9,#186EE5,#176FE6,#1F6BDE,#3362CB,
Si,#953369,#AF264F,#B1254E,#A32C5B,#B1254D,#BE1F41,#CD1832,#C41C3A,#BD2042,#B4244A,#B3244C,#B2254C,#AA2854,#A32C5B,#A12D5D,#9A3064,#9C2F62,#A22C5C,#A22C5C,#A72A58,#AC2852,#AC2852,#A82956,#A52B59,#A02D5E,#A62A58,#9B3063,#90356E,#8F366F,#93346C,#91346D,#8E3670,#8B3874,#863A78,#853A79,#91356D,#8E3670,#91356D,#853A79,#604C9E,#4559B9,#4A57B4,#1E6CDF,#176FE6,#2867D6,#0A75F3,#007AFD,#0279FB,#0577F8,#1371EA,#1570E8,#196EE5,#186FE5,#1F6BDE,#2A66D3,
Sn,#9A3064,#B82246,#BD2041,#B2254D,#C01E3F,#CB1933,#DA1225,#D2152C,#CA1934,#C41C3B,#C11D3D,#BF1F3F,#B82247,#B0264E,#AF264F,#A92955,#AC2853,#B2254D,#B2254D,#B62348,#BC2043,#BC2043,#B82247,#B4244A,#B0264F,#B4244B,#A92955,#9E2E60,#9E2E60,#A22D5C,#A02D5E,#9E2E60,#9B3063,#953369,#93346B,#9E2F60,#9A3064,#9C2F62,#94336A,#6F458F,#4A57B4,#4C56B1,#2469D9,#1D6CE0,#2966D4,#0876F5,#0279FB,#007AFD,#0179FC,#0B75F2,#0D74F0,#0F73EE,#0E73EF,#1470E9,#1F6BDE,
Ge,#A62B59,#C21D3D,#CB1934,#C01E3E,#CD1831,#D81327,#E60C19,#DF0F1F,#D81327,#D2162D,#D0172F,#CD1832,#C71B38,#C01E3E,#BF1F3F,#BA2144,#BD2042,#C21D3C,#C21D3C,#C61B38,#CB1934,#CB1933,#C81A37,#C51C3A,#C11E3E,#C41C3A,#BA2144,#B0264E,#B0264E,#B4244B,#B2254C,#B0264F,#AD2752,#A72A57,#A52B59,#AE2750,#AA2955,#AC2852,#A32C5C,#7E3E80,#5352AB,#5352AB,#3063CD,#2767D6,#3162CC,#0D74F0,#0577F8,#0179FC,#007AFD,#0876F5,#0976F4,#0A75F4,#0876F5,#0C74F1,#1470E9,
Te,#A52B5A,#C81A36,#D5142A,#CF172F,#DA1224,#E20E1D,#EE0811,#E90A16,#E10F1E,#DF0F20,#D91226,#D2152D,#CB1934,#C41C3B,#C81A36,#C41C3A,#CB1934,#CF172F,#D0162E,#D4152B,#D91226,#D81327,#D5142A,#D0172F,#CB1934,#CB1934,#C11D3D,#BA2144,#BA2144,#BC2042,#BD2042,#C01E3F,#BD2042,#B72348,#A92955,#AD2751,#B2254D,#B4244B,#B4244B,#92346C,#5B4FA3,#5850A5,#3660C7,#3561C9,#3A5EC3,#1172EC,#1371EA,#0B75F2,#0876F5,#007AFD,#0876F5,#0777F6,#0179FC,#0478F9,#1271EB,
As,#A92955,#C81A36,#D3152B,#CE1831,#DA1225,#E10E1E,#EB0913,#E80B17,#E40D1B,#DF0F20,#D71328,#D0172F,#CA1934,#C61B39,#C61B39,#C31D3C,#CD1832,#D2162D,#D0162E,#D5142A,#D81327,#D91226,#D5142A,#D0172F,#CC1833,#CC1832,#C31D3B,#BC2043,#BC2043,#C11D3D,#C21D3D,#C11D3D,#BF1F3F,#BA2144,#B1254D,#B52349,#B1254D,#B5244A,#B2254C,#91356D,#4559B9,#3F5CBE,#405BBE,#385FC6,#405CBE,#1470E9,#1570E8,#0D74F0,#0976F4,#0876F5,#007AFD,#0179FC,#0777F6,#0976F4,#0F73EE,
P,#AF264F,#CD1831,#DA1225,#D61428,#E20E1D,#E80B16,#F3060C,#EF070F,#EB0A14,#E80B17,#E20E1D,#DC1123,#D61328,#D2162D,#D2152C,#CF1730,#D61429,#DA1225,#DA1225,#DD1021,#E10E1E,#E10E1E,#DE1021,#DA1224,#D61328,#D71328,#CE1730,#C61B38,#C71B38,#CB1934,#CB1933,#CA1934,#C81B37,#C31D3C,#BB2144,#C01E3F,#BB2144,#BC2042,#BB2144,#993165,#5352AA,#4D55B0,#435ABA,#3C5DC1,#4559B8,#186EE5,#196EE5,#0F73EE,#0A75F4,#0777F6,#0179FC,#007AFD,#0578F8,#0577F8,#0B75F2,
Se,#AE2751,#CE1731,#DD1021,#D81226,#E30D1C,#EA0A15,#F5050A,#F1070E,#EA0A15,#E80B17,#E30D1C,#DD1022,#D71328,#D1162E,#D4152B,#D1162E,#D61328,#DB1124,#DB1123,#DE1020,#E30D1C,#E20E1D,#E00F1F,#DB1123,#D71327,#D71328,#CE1730,#C71B37,#C81A37,#CA1935,#CA1935,#CC1833,#C91A36,#C31D3B,#B82246,#BC2043,#BE1F41,#BF1F40,#BD1F41,#9D2F61,#644A9A,#604C9E,#415BBC,#3D5DC0,#425BBC,#176FE6,#186FE5,#0E73EF,#0876F5,#0179FC,#0777F6,#0578F8,#007AFD,#017AFC,#0B75F2,
S,#B62348,#D3152C,#E40D1B,#E00F1E,#EA0A15,#F0070F,#F90306,#F70408,#F0070E,#EF0710,#EB0A14,#E50C1A,#E00F1F,#DB1124,#DE1021,#DB1123,#E00F1E,#E40D1B,#E50D1A,#E70B18,#EB0A14,#EB0A14,#E80B16,#E50D1A,#E10E1D,#E10F1E,#D91226,#D2152C,#D4152B,#D61429,#D61429,#D71328,#D4152B,#CF1730,#C51C3A,#C81A37,#C91A36,#C91A35,#C61B38,#A82956,#6E4690,#684896,#4E55B0,#4857B5,#4C56B2,#1F6BDE,#1F6BDE,#1470E9,#0C74F1,#0478F9,#0976F4,#0577F8,#017AFC,#007AFD,#0876F5,
C,#C01E3F,#D0162F,#EC0913,#E80B17,#EF0810,#F2060D,#F80307,#F90306,#F70408,#F2060D,#EF0810,#E80B17,#E60C19,#E40D1A,#E50C1A,#E50C1A,#ED0912,#F0070F,#EE0811,#F2060D,#F1070E,#F3060C,#F2060D,#EE0811,#EC0913,#EC0912,#E70B18,#E20E1D,#E20E1D,#E50C1A,#E50D1A,#E50C1A,#E30D1B,#E00F1E,#D71328,#D61328,#D5142A,#D51429,#CE1731,#B4244B,#72448C,#694895,#684896,#5B4FA3,#5352AB,#3362CB,#2A66D3,#1F6BDE,#1470E9,#1271EB,#0F73EE,#0B75F2,#0B75F2,#0876F5,#007AFD,
,,,,,,,,,,,,,,,,,,,,,,,,,,,,,,,,,,,,,,,,,,,,,,,,,,,,,,,,
,,,,,,,,,,,,,,,,,,,,,,,,,,,,,,,,,,,,,,,,,,,,,,,,,,,,,,,,
,,,,,,,,,,,,,,,,,,,,,,,,,,,,,,,,,,,,,,,,,,,,,,,,,,,,,,,,
,,,,,,,,,,,,,,,,,,,,,,,,,,,,,,,,,,,,,,,,,,,,,,,,,,,,,,,,
,,,,,,,,,,,,,,,,,,,,,,,,,,,,,,,,,,,,,,,,,,,,,,,,,,,,,,,,
,,,,,,,,,,,,,,,,,,,,,,,,,,,,,,,,,,,,,,,,,,,,,,,,,,,,,,,,
,,,,,,,,,,,,,,,,,,,,,,,,,,,,,,,,,,,,,,,,,,,,,,,,,,,,,,,,
,,,,,,,,,,,,,,,,,,,,,,,,,,,,,,,,,,,,,,,,,,,,,,,,,,,,,,,,
,,,,,,,,,,,,,,,,,,,,,,,,,,,,,,,,,,,,,,,,,,,,,,,,,,,,,,,,
,,,,,,,,,,,,,,,,,,,,,,,,,,,,,,,,,,,,,,,,,,,,,,,,,,,,,,,,
,,,,,,,,,,,,,,,,,,,,,,,,,,,,,,,,,,,,,,,,,,,,,,,,,,,,,,,,
,,,,,,,,,,,,,,,,,,,,,,,,,,,,,,,,,,,,,,,,,,,,,,,,,,,,,,,,
,,,,,,,,,,,,,,,,,,,,,,,,,,,,,,,,,,,,,,,,,,,,,,,,,,,,,,,,
,,,,,,,,,,,,,,,,,,,,,,,,,,,,,,,,,,,,,,,,,,,,,,,,,,,,,,,,
,,,,,,,,,,,,,,,,,,,,,,,,,,,,,,,,,,,,,,,,,,,,,,,,,,,,,,,,
,,,,,,,,,,,,,,,,,,,,,,,,,,,,,,,,,,,,,,,,,,,,,,,,,,,,,,,,
,,,,,,,,,,,,,,,,,,,,,,,,,,,,,,,,,,,,,,,,,,,,,,,,,,,,,,,,
,,,,,,,,,,,,,,,,,,,,,,,,,,,,,,,,,,,,,,,,,,,,,,,,,,,,,,,,
,,,,,,,,,,,,,,,,,,,,,,,,,,,,,,,,,,,,,,,,,,,,,,,,,,,,,,,,
,,,,,,,,,,,,,,,,,,,,,,,,,,,,,,,,,,,,,,,,,,,,,,,,,,,,,,,,
,,,,,,,,,,,,,,,,,,,,,,,,,,,,,,,,,,,,,,,,,,,,,,,,,,,,,,,,
,,,,,,,,,,,,,,,,,,,,,,,,,,,,,,,,,,,,,,,,,,,,,,,,,,,,,,,,
,,,,,,,,,,,,,,,,,,,,,,,,,,,,,,,,,,,,,,,,,,,,,,,,,,,,,,,,
,,,,,,,,,,,,,,,,,,,,,,,,,,,,,,,,,,,,,,,,,,,,,,,,,,,,,,,,
,,,,,,,,,,,,,,,,,,,,,,,,,,,,,,,,,,,,,,,,,,,,,,,,,,,,,,,,
,,,,,,,,,,,,,,,,,,,,,,,,,,,,,,,,,,,,,,,,,,,,,,,,,,,,,,,,
,,,,,,,,,,,,,,,,,,,,,,,,,,,,,,,,,,,,,,,,,,,,,,,,,,,,,,,,
,,,,,,,,,,,,,,,,,,,,,,,,,,,,,,,,,,,,,,,,,,,,,,,,,,,,,,,,
,,,,,,,,,,,,,,,,,,,,,,,,,,,,,,,,,,,,,,,,,,,,,,,,,,,,,,,,
,,,,,,,,,,,,,,,,,,,,,,,,,,,,,,,,,,,,,,,,,,,,,,,,,,,,,,,,
,,,,,,,,,,,,,,,,,,,,,,,,,,,,,,,,,,,,,,,,,,,,,,,,,,,,,,,,
,,,,,,,,,,,,,,,,,,,,,,,,,,,,,,,,,,,,,,,,,,,,,,,,,,,,,,,,
,,,,,,,,,,,,,,,,,,,,,,,,,,,,,,,,,,,,,,,,,,,,,,,,,,,,,,,,
,,,,,,,,,,,,,,,,,,,,,,,,,,,,,,,,,,,,,,,,,,,,,,,,,,,,,,,,
,,,,,,,,,,,,,,,,,,,,,,,,,,,,,,,,,,,,,,,,,,,,,,,,,,,,,,,,
,,,,,,,,,,,,,,,,,,,,,,,,,,,,,,,,,,,,,,,,,,,,,,,,,,,,,,,,
,,,,,,,,,,,,,,,,,,,,,,,,,,,,,,,,,,,,,,,,,,,,,,,,,,,,,,,,
,,,,,,,,,,,,,,,,,,,,,,,,,,,,,,,,,,,,,,,,,,,,,,,,,,,,,,,,
,,,,,,,,,,,,,,,,,,,,,,,,,,,,,,,,,,,,,,,,,,,,,,,,,,,,,,,,
,,,,,,,,,,,,,,,,,,,,,,,,,,,,,,,,,,,,,,,,,,,,,,,,,,,,,,,,
,,,,,,,,,,,,,,,,,,,,,,,,,,,,,,,,,,,,,,,,,,,,,,,,,,,,,,,,
,,,,,,,,,,,,,,,,,,,,,,,,,,,,,,,,,,,,,,,,,,,,,,,,,,,,,,,,
,,,,,,,,,,,,,,,,,,,,,,,,,,,,,,,,,,,,,,,,,,,,,,,,,,,,,,,,
,,,,,,,,,,,,,,,,,,,,,,,,,,,,,,,,,,,,,,,,,,,,,,,,,,,,,,,,
,,,,,,,,,,,,,,,,,,,,,,,,,,,,,,,,,,,,,,,,,,,,,,,,,,,,,,,,
,,,,,,,,,,,,,,,,,,,,,,,,,,,,,,,,,,,,,,,,,,,,,,,,,,,,,,,,
,,,,,,,,,,,,,,,,,,,,,,,,,,,,,,,,,,,,,,,,,,,,,,,,,,,,,,,,
,,,,,,,,,,,,,,,,,,,,,,,,,,,,,,,,,,,,,,,,,,,,,,,,,,,,,,,,
,,,,,,,,,,,,,,,,,,,,,,,,,,,,,,,,,,,,,,,,,,,,,,,,,,,,,,,,
,,,,,,,,,,,,,,,,,,,,,,,,,,,,,,,,,,,,,,,,,,,,,,,,,,,,,,,,
,,,,,,,,,,,,,,,,,,,,,,,,,,,,,,,,,,,,,,,,,,,,,,,,,,,,,,,,
,,,,,,,,,,,,,,,,,,,,,,,,,,,,,,,,,,,,,,,,,,,,,,,,,,,,,,,,
,,,,,,,,,,,,,,,,,,,,,,,,,,,,,,,,,,,,,,,,,,,,,,,,,,,,,,,,
,,,,,,,,,,,,,,,,,,,,,,,,,,,,,,,,,,,,,,,,,,,,,,,,,,,,,,,,
,,,,,,,,,,,,,,,,,,,,,,,,,,,,,,,,,,,,,,,,,,,,,,,,,,,,,,,,
,,,,,,,,,,,,,,,,,,,,,,,,,,,,,,,,,,,,,,,,,,,,,,,,,,,,,,,,
,,,,,,,,,,,,,,,,,,,,,,,,,,,,,,,,,,,,,,,,,,,,,,,,,,,,,,,,
,,,,,,,,,,,,,,,,,,,,,,,,,,,,,,,,,,,,,,,,,,,,,,,,,,,,,,,,
,,,,,,,,,,,,,,,,,,,,,,,,,,,,,,,,,,,,,,,,,,,,,,,,,,,,,,,,